count(StudentID),"Average GPA"
25,3.282400000000001
26,3.249615384615385
24,3.4112500000000003
25,3.1503999999999994
